ip,type_http,port
111.76.179.35,HTTPS,8118
49.86.181.190,HTTP,9999
171.35.148.140,HTTPS,9999
117.88.176.215,HTTPS,3000
182.46.110.199,HTTP,9999
115.221.246.122,HTTP,9999
121.237.148.109,HTTPS,3000
121.237.149.158,HTTP,3000
222.95.144.219,HTTPS,3000
175.42.68.215,HTTPS,9999
117.88.176.17,HTTP,3000
36.248.133.138,HTTPS,9999
112.111.217.130,HTTPS,9999
117.88.4.44,HTTP,3000
121.237.149.166,HTTPS,3000
175.42.68.92,HTTPS,9999
117.88.176.233,HTTP,3000
36.248.129.68,HTTPS,9999
121.237.149.177,HTTPS,3000
117.88.176.131,HTTPS,3000
113.195.147.119,HTTPS,9999
114.225.246.117,HTTP,9999
113.194.50.133,HTTPS,9999
121.238.15.39,HTTP,9999
183.166.20.2,HTTP,9999
49.76.193.47,HTTPS,9999
113.194.48.181,HTTP,9999
175.42.68.202,HTTPS,9999
113.194.31.101,HTTP,9999
171.35.147.34,HTTP,9999
183.166.96.154,HTTP,9999
113.195.152.119,HTTPS,9999
112.111.217.254,HTTPS,9999
222.95.144.141,HTTP,3000
121.237.148.163,HTTPS,3000
117.88.176.20,HTTPS,3000
222.95.240.190,HTTPS,3000
222.95.144.212,HTTP,3000
117.88.177.178,HTTPS,3000
117.88.176.156,HTTPS,3000
117.88.4.10,HTTPS,3000
222.95.240.133,HTTPS,3000
180.113.189.64,HTTP,9999
117.88.176.186,HTTPS,3000
36.248.133.47,HTTPS,9999
171.11.29.25,HTTP,9999
117.88.4.160,HTTPS,3000
117.88.5.4,HTTPS,3000
115.221.240.57,HTTP,9999
222.95.144.70,HTTPS,3000
171.35.162.116,HTTP,9999
171.35.141.190,HTTPS,9999
171.35.147.147,HTTP,9999
171.35.167.111,HTTP,9999
113.195.152.31,HTTPS,9999
171.35.140.107,HTTPS,9999
120.83.110.29,HTTP,9999
114.139.34.99,HTTP,8118
120.83.107.146,HTTP,9999
175.42.122.104,HTTP,9999
49.76.197.60,HTTP,9999
115.211.186.33,HTTPS,9999
163.204.246.76,HTTP,9999
36.248.133.142,HTTP,9999
36.248.133.20,HTTP,9999
117.88.4.76,HTTP,3000
175.42.68.191,HTTPS,9999
117.88.177.57,HTTPS,3000
222.95.144.174,HTTP,3000
112.111.217.192,HTTP,9999
182.35.82.15,HTTP,9999
121.237.149.70,HTTPS,3000
117.88.4.234,HTTPS,3000
117.88.177.147,HTTP,3000
171.35.149.158,HTTP,9999
117.88.5.116,HTTPS,3000
117.88.177.142,HTTPS,3000
36.248.132.212,HTTP,9999
114.224.20.179,HTTPS,9999
171.35.148.242,HTTPS,9999
113.121.22.170,HTTP,9999
42.55.254.143,HTTPS,1133
220.176.40.55,HTTP,9999
117.69.12.19,HTTP,9999
123.160.68.58,HTTP,9999
113.195.202.165,HTTPS,9999
123.52.97.232,HTTPS,9999
113.195.155.53,HTTP,9999
117.88.5.90,HTTP,3000
113.195.204.106,HTTP,9999
182.46.115.54,HTTP,9999
60.176.10.81,HTTP,8118
36.250.156.204,HTTP,9999
117.26.41.162,HTTP,9999
222.95.241.7,HTTP,3000
183.146.156.164,HTTP,9999
171.35.142.138,HTTP,9999
115.211.226.91,HTTP,9999
121.237.148.234,HTTPS,3000
175.42.123.9,HTTPS,9999
182.46.98.117,HTTP,9999
222.95.144.119,HTTPS,3000
117.88.177.29,HTTP,3000
121.237.148.176,HTTPS,3000
117.88.4.231,HTTP,3000
117.88.5.175,HTTPS,3000
121.237.148.101,HTTP,3000
222.95.241.159,HTTPS,3000
121.237.149.87,HTTPS,3000
49.76.198.159,HTTP,9999
1.198.72.89,HTTP,9999
113.195.144.157,HTTP,9999
117.88.177.139,HTTP,3000
180.122.144.28,HTTP,9999
121.237.149.57,HTTPS,3000
117.88.176.166,HTTPS,3000
114.224.28.154,HTTP,9999
112.84.50.113,HTTP,9999
222.95.241.40,HTTP,3000
114.239.29.169,HTTPS,9999
171.35.146.47,HTTP,9999
163.204.242.132,HTTP,9999
114.224.20.101,HTTP,9999
49.85.179.135,HTTP,9999
1.196.177.25,HTTP,9999
36.25.40.69,HTTP,9999
117.88.5.61,HTTPS,3000
112.111.217.169,HTTP,9999
117.26.40.127,HTTP,9999
117.66.230.4,HTTP,9999
115.211.224.18,HTTP,9999
183.166.111.61,HTTP,9999
117.95.192.17,HTTP,9999
115.211.228.228,HTTP,9999
175.10.25.101,HTTP,3128
49.85.179.78,HTTP,9999
115.210.70.89,HTTP,9999
117.88.177.88,HTTPS,3000
113.195.153.174,HTTP,9999
113.194.48.75,HTTP,9999
117.69.200.205,HTTPS,41005
114.239.150.93,HTTPS,808
106.111.53.38,HTTP,9999
117.88.5.30,HTTPS,3000
114.239.148.191,HTTP,9999
36.27.186.244,HTTP,9999
115.211.227.87,HTTP,9999
163.204.243.231,HTTPS,9999
171.35.169.241,HTTP,9999
122.4.51.175,HTTP,9999
49.76.196.70,HTTP,9999
222.95.241.54,HTTP,3000
117.24.81.78,HTTP,9999
49.70.48.201,HTTP,9999
124.113.193.21,HTTP,9999
112.111.217.117,HTTPS,9999
114.239.145.109,HTTPS,808
175.42.122.148,HTTPS,9999
115.219.111.17,HTTP,8010
175.42.68.66,HTTP,9999
36.248.132.187,HTTP,9999
112.111.217.229,HTTPS,9999
117.88.4.64,HTTP,3000
117.88.176.200,HTTPS,3000
113.128.28.6,HTTP,9999
220.176.33.134,HTTP,9999
112.111.217.115,HTTPS,9999
117.88.4.74,HTTPS,3000
222.95.144.32,HTTPS,3000
117.57.91.226,HTTP,9999
183.164.238.243,HTTP,42341
115.210.68.90,HTTP,9999
171.35.220.13,HTTP,9999
36.25.40.177,HTTPS,9999
117.88.4.65,HTTPS,3000
114.239.3.237,HTTP,9999
121.230.252.230,HTTP,9999
171.35.147.195,HTTP,9999
114.239.146.28,HTTPS,9999
117.95.232.148,HTTP,9999
36.248.132.235,HTTP,9999
115.211.227.209,HTTP,9999
113.195.157.177,HTTP,9999
117.69.200.149,HTTP,9999
36.25.41.91,HTTPS,9999
112.111.217.9,HTTP,808
117.88.177.205,HTTP,3000
106.111.9.237,HTTP,9999
117.69.201.107,HTTP,9999
171.35.140.201,HTTPS,9999
115.210.64.140,HTTPS,33309
183.146.157.21,HTTP,9999
117.88.176.221,HTTPS,3000
175.42.123.27,HTTP,9999
183.166.96.10,HTTP,9999
183.166.71.201,HTTP,9999
125.126.207.149,HTTP,8118
222.95.241.44,HTTP,3000
221.227.122.66,HTTP,9999
117.94.182.79,HTTPS,9999
183.154.49.192,HTTP,9999
183.164.238.109,HTTP,39663
36.25.43.49,HTTPS,9999
222.95.144.83,HTTPS,3000
117.88.177.144,HTTPS,3000
36.22.79.151,HTTP,9999
106.110.212.180,HTTPS,9999
180.119.141.93,HTTP,9999
183.154.48.168,HTTPS,9999
183.166.118.127,HTTP,9999
36.25.41.33,HTTP,9999
36.248.132.245,HTTPS,9999
49.76.197.87,HTTP,9999
183.166.171.90,HTTP,8888
117.57.91.21,HTTP,9999
117.69.13.196,HTTP,9999
183.166.111.92,HTTP,9999
113.195.152.110,HTTP,9999
114.239.110.123,HTTP,9999
124.113.216.198,HTTPS,9999
36.248.133.94,HTTP,9999
117.88.5.250,HTTP,3000
183.166.7.9,HTTP,9999
223.199.18.139,HTTP,9999
183.166.124.186,HTTP,9999
36.248.133.3,HTTPS,9999
49.89.87.163,HTTPS,9999
175.148.70.22,HTTPS,1133
121.226.214.118,HTTPS,9999
117.95.162.104,HTTPS,9999
36.248.133.207,HTTPS,9999
124.113.217.41,HTTPS,9999
117.88.5.191,HTTP,3000
183.166.87.246,HTTP,9999
123.169.126.223,HTTP,9999
117.88.176.5,HTTPS,3000
218.21.230.156,HTTPS,808
183.166.6.6,HTTP,9999
163.204.242.235,HTTP,9999
49.70.85.141,HTTP,9999
113.195.44.59,HTTP,9999
36.25.42.93,HTTPS,9999
222.95.144.53,HTTP,3000
115.221.247.104,HTTP,9999
61.145.49.140,HTTP,9999
49.76.12.110,HTTPS,9999
114.239.173.250,HTTP,9999
223.242.247.154,HTTP,9999
121.237.148.136,HTTP,3000
183.146.157.222,HTTP,9999
114.239.0.155,HTTP,808
180.119.141.147,HTTP,9999
183.166.6.21,HTTP,9999
49.85.179.67,HTTPS,9999
223.242.247.159,HTTP,9999
183.154.53.128,HTTP,9999
61.145.49.240,HTTPS,9999
183.154.49.10,HTTP,9999
36.27.184.19,HTTP,9999
112.111.77.85,HTTP,9999
120.83.110.170,HTTPS,9999
124.113.216.207,HTTP,9999
118.212.107.49,HTTP,9999
183.146.156.65,HTTPS,9999
122.192.175.180,HTTP,9999
36.25.42.119,HTTP,9999
1.196.177.57,HTTP,9999
183.154.48.238,HTTP,9999
114.239.0.115,HTTP,808
182.46.110.142,HTTP,9999
183.154.52.224,HTTPS,38574
182.46.113.151,HTTPS,9999
117.88.4.200,HTTPS,3000
36.250.156.73,HTTPS,9999
36.250.156.205,HTTP,9999
112.111.217.7,HTTP,9999
182.46.85.27,HTTPS,9999
171.35.163.246,HTTP,9999
117.88.177.225,HTTPS,3000
220.176.32.183,HTTP,9999
117.88.4.78,HTTPS,3000
222.95.144.47,HTTP,3000
117.69.25.185,HTTPS,9999
183.166.118.242,HTTP,9999
220.176.40.76,HTTP,9999
121.237.148.231,HTTPS,3000
117.88.4.130,HTTPS,3000
112.111.217.199,HTTPS,9999
180.122.145.65,HTTPS,9999
182.35.82.212,HTTP,9999
183.164.239.35,HTTP,9999
183.166.6.189,HTTP,9999
223.242.247.116,HTTPS,9999
117.26.40.232,HTTP,9999
117.95.199.211,HTTP,9999
123.149.141.181,HTTP,9999
114.239.199.135,HTTP,9999
61.145.8.137,HTTPS,9999
36.25.43.148,HTTPS,9999
175.42.123.94,HTTP,9999
36.248.133.223,HTTP,9999
121.226.215.220,HTTPS,9999
36.25.40.114,HTTPS,9999
113.195.152.80,HTTP,9999
223.199.20.88,HTTP,9999
113.195.156.242,HTTP,9999
42.238.68.48,HTTP,9999
113.195.225.30,HTTP,9999
121.237.149.209,HTTPS,3000
115.211.226.123,HTTP,9999
117.88.5.161,HTTPS,3000
183.154.54.27,HTTPS,9999
180.119.141.169,HTTPS,9999
117.91.131.228,HTTP,9999
115.211.228.179,HTTP,9999
183.146.157.70,HTTPS,9999
183.154.53.123,HTTP,9999
114.218.89.144,HTTP,9999
115.216.57.130,HTTP,9999
220.176.40.236,HTTPS,9999
183.154.52.23,HTTP,9999
118.212.107.125,HTTP,9999
118.212.105.242,HTTP,9999
183.154.51.132,HTTP,9999
121.237.149.36,HTTPS,3000
182.35.83.251,HTTPS,9999
114.226.35.146,HTTP,9999
113.195.10.13,HTTP,9999
183.147.252.134,HTTPS,9999
220.184.26.171,HTTP,9999
36.248.129.43,HTTPS,9999
122.5.177.131,HTTP,9999
1.198.72.253,HTTP,9999
36.248.132.146,HTTPS,9999
36.248.129.164,HTTPS,9999
175.42.123.124,HTTPS,9999
121.237.149.196,HTTP,3000
117.57.90.150,HTTPS,45465
117.69.201.48,HTTP,9999
60.169.94.161,HTTPS,9999
114.239.146.2,HTTP,808
114.226.163.17,HTTPS,9999
117.94.182.0,HTTPS,9999
183.166.133.211,HTTPS,9999
49.76.198.103,HTTP,9999
117.95.214.194,HTTPS,9999
114.226.245.101,HTTP,9999
183.166.119.80,HTTPS,9999
60.167.119.57,HTTP,9999
171.35.146.247,HTTPS,9999
180.122.151.228,HTTP,9999
114.226.244.175,HTTP,9999
117.95.162.137,HTTP,9999
163.204.247.219,HTTPS,9999
183.154.51.143,HTTPS,9999
114.223.113.178,HTTP,9999
117.69.50.66,HTTP,9999
113.195.146.245,HTTPS,9999
183.154.55.162,HTTP,9999
222.189.191.165,HTTP,9999
120.41.115.10,HTTP,9999
114.226.89.152,HTTP,9999
114.226.162.248,HTTPS,9999
114.226.245.155,HTTP,9999
182.34.27.105,HTTP,9999
220.175.144.159,HTTP,9999
121.237.149.102,HTTPS,3000
49.85.99.220,HTTPS,9999
111.79.45.101,HTTP,9999
114.99.26.122,HTTP,9999
114.226.246.144,HTTP,9999
223.199.24.13,HTTPS,9999
114.227.106.133,HTTPS,9999
115.216.40.204,HTTP,9999
114.226.162.127,HTTP,46606
114.226.244.246,HTTP,9999
117.90.5.58,HTTP,9999
114.226.160.22,HTTPS,25397
58.212.40.241,HTTP,9999
60.167.132.167,HTTPS,808
115.216.56.44,HTTPS,9999
223.199.19.154,HTTP,9999
223.199.17.112,HTTP,9999
115.216.78.228,HTTP,9999
114.226.35.200,HTTP,9999
114.99.27.127,HTTPS,9999
117.90.252.34,HTTP,9999
218.87.141.215,HTTP,9999
60.167.20.16,HTTP,40474
123.169.118.130,HTTP,9999
36.248.133.246,HTTP,9999
112.111.217.14,HTTPS,9999
111.79.45.9,HTTPS,9999
114.99.6.36,HTTP,9999
223.199.23.11,HTTPS,9999
223.199.23.119,HTTPS,9999
117.57.90.115,HTTPS,38783
58.212.40.75,HTTP,9999
114.99.1.212,HTTP,808
114.99.24.121,HTTPS,9999
117.88.4.23,HTTPS,3000
182.35.83.202,HTTP,9999
175.44.109.245,HTTP,9999
114.99.0.221,HTTP,808
117.82.50.233,HTTPS,9999
175.42.122.228,HTTPS,9999
163.204.242.198,HTTP,9999
183.166.111.176,HTTP,9999
114.99.11.213,HTTPS,23760
114.99.11.218,HTTPS,9999
223.199.26.160,HTTP,9999
59.42.88.115,HTTP,8118
114.99.131.22,HTTP,9999
182.46.101.161,HTTP,9999
120.83.101.17,HTTP,9999
183.154.49.199,HTTPS,9999
27.215.196.236,HTTPS,9999
115.239.24.164,HTTPS,9999
27.215.199.71,HTTP,9999
220.175.145.70,HTTP,9999
171.35.167.46,HTTP,9999
49.70.89.75,HTTP,9999
114.230.86.12,HTTP,9999
114.99.4.131,HTTP,9999
101.205.69.97,HTTP,9999
114.99.15.188,HTTP,9999
118.212.105.86,HTTP,9999
114.231.42.95,HTTPS,9999
117.95.192.162,HTTP,9999
115.216.40.198,HTTPS,9999
123.169.103.177,HTTP,9999
114.224.20.129,HTTPS,9999
115.239.24.169,HTTPS,9999
27.215.199.181,HTTPS,9999
114.225.246.228,HTTPS,9999
113.120.36.132,HTTP,9999
125.123.157.224,HTTP,9999
114.226.244.44,HTTPS,9999
223.240.208.139,HTTP,9999
115.216.56.109,HTTP,9999
114.224.20.69,HTTPS,9999
122.193.231.37,HTTP,9999
111.79.44.185,HTTP,9999
114.99.234.152,HTTP,9999
114.231.42.132,HTTPS,9999
49.76.193.203,HTTP,9999
60.168.81.206,HTTP,9999
115.216.43.75,HTTP,9999
1.196.105.218,HTTP,9999
115.216.57.201,HTTPS,9999
